ID,Expression
MAR04388_f,239.52525138
MAR04379,124.06082584
MAR04358,66.87772238
MAR04363_f,140.534104
MAR04368_f,151.51628946
MAR04391_f,46.95831016
MAR04394,248.99265263
MAR04365_r,179.61553633
MAR04373_r,78.57943029
MAR04375_r,168.70909008
MAR04381_r,50.02574816
temporary_exchange_MAM01965c,-1.0
temporary_exchange_MAM01285c,-1.0
temporary_exchange_MAM02751c,-1.0
temporary_exchange_MAM02403c,-1.0
temporary_exchange_MAM01371c,-1.0
temporary_exchange_MAM02040c,-1.0
