ID,Expression
MAR04388_f,247.45858609
MAR04379,137.57832669
MAR04358,67.15092399
MAR04363_f,134.43696049
MAR04368_f,154.36605766
MAR04391_f,45.60047655
MAR04394,252.18752443
MAR04365_r,169.32976959
MAR04373_r,83.87109871999999
MAR04375_r,176.82851464
MAR04381_r,40.39864441
temporary_exchange_MAM01965c,-1.0
temporary_exchange_MAM01285c,-1.0
temporary_exchange_MAM02751c,-1.0
temporary_exchange_MAM02403c,-1.0
temporary_exchange_MAM01371c,-1.0
temporary_exchange_MAM02040c,-1.0
