ID,Expression
MAR04176,186.72550695
MAR04329,130.24847229
MAR05076,538.6260734699999
MAR05084,486.8104208499999
temporary_exchange_MAM02026e,-1.0
temporary_exchange_MAM02040e,-1.0
temporary_exchange_MAM01974e,-1.0
temporary_exchange_MAM01986c,-1.0
temporary_exchange_MAM01628c,-1.0
