ID,flux
MAR04176,192.4473043
MAR04329,127.0689211
MAR05076,488.5748257
MAR05084,449.4804288
