ID,Expression
MAR04118,49.46498475
MAR04116,712.3425456599999
MAR00983,73.63416724000001
MAR01015,18.19597204
MAR01093_f,81.83936023000001
temporary_exchange_MAM01362c,-1.0
temporary_exchange_MAM02630c,-1.0
temporary_exchange_MAM02040c,-1.0
temporary_exchange_MAM02362c,-1.0
