Task,Sample,Expression
001,Sample001,339.4920551
001,Sample002,330.96141254
001,Sample003,353.9295027
001,Sample004,355.05985736
001,Sample005,355.71749525
001,Sample006,345.5412775600001
001,Sample007,304.027909
