ID,Expression
MAR04176,198.626078
MAR04329,139.1329286
MAR05076,502.6432666
MAR05084,457.6163063300001
temporary_exchange_MAM02026e,-1
temporary_exchange_MAM02040e,-1
temporary_exchange_MAM01974e,-1
temporary_exchange_MAM01986c,-1
temporary_exchange_MAM01628c,-1
MAR04324,54.60797034
MAR04326,36.20334233
