ID,Expression
MAR04176,202.1248665
MAR04329,145.343181
MAR05076,500.3539885
MAR05084,460.5830727
temporary_exchange_MAM02026e,-1
temporary_exchange_MAM02040e,-1
temporary_exchange_MAM01974e,-1
temporary_exchange_MAM01986c,-1
temporary_exchange_MAM01628c,-1
MAR04324,53.88062399
MAR04326,40.21926168
